"","avg_rugosity","rugosity_variance","avg_point_range"
"1",1.44395822208049,0.133540021151383,0.0718367744000001
